timestamp,project_name,run_id,duration,emissions,emissions_rate,cpu_power,gpu_power,ram_power,cpu_energy,gpu_energy,ram_energy,energy_consumed,country_name,country_iso_code,region,cloud_provider,cloud_region,os,python_version,codecarbon_version,cpu_count,cpu_model,gpu_count,gpu_model,longitude,latitude,ram_total_size,tracking_mode,on_cloud,pue
2024-05-11T19:01:51,codecarbon,4a38a900-5fdb-4bae-8662-f0127d20e316,0.0896549224853515,2.0295980272911406e-06,2.2637887257364483e-05,42.5,127.73786571349056,188.7521724700928,1.0443050000402665e-06,2.748613308511949e-06,3.978704012640719e-06,7.771622321192934e-06,United Kingdom,GBR,england,,,Linux-5.4.0-174-generic-x86_64-with-glibc2.31,3.12.1,2.4.1,112,Intel(R) Xeon(R) Gold 6330 CPU @ 2.00GHz,2,2 x NVIDIA A40,-1.568,53.8226,503.33912658691406,machine,N,1.0
2024-05-11T19:02:33,codecarbon,5952eda4-c9e6-40f7-b5c3-dee8cd546759,0.0883238315582275,2.013389673839907e-06,2.279554270143476e-05,42.5,128.83902436663558,188.7521724700928,1.029823554886712e-06,2.7480577564631403e-06,3.931676896763747e-06,7.7095582081136e-06,United Kingdom,GBR,england,,,Linux-5.4.0-174-generic-x86_64-with-glibc2.31,3.12.1,2.4.1,112,Intel(R) Xeon(R) Gold 6330 CPU @ 2.00GHz,2,2 x NVIDIA A40,-1.568,53.8226,503.33912658691406,machine,N,1.0
2024-05-11T19:02:59,codecarbon,e6575b33-70e0-4508-b769-8a7ad78621fc,0.0903213024139404,1.94954539038174e-06,2.158455799770268e-05,42.5,138.57766551759954,188.7521724700928,1.055800086922116e-06,2.747224424837213e-06,3.6620647661857216e-06,7.4650892779450515e-06,United Kingdom,GBR,england,,,Linux-5.4.0-174-generic-x86_64-with-glibc2.31,3.12.1,2.4.1,112,Intel(R) Xeon(R) Gold 6330 CPU @ 2.00GHz,2,2 x NVIDIA A40,-1.568,53.8226,503.33912658691406,machine,N,1.0
2024-05-11T19:20:53,codecarbon,794d3f94-eb17-4177-9d86-2be315380b7e,935.655191898346,0.033227314771925,3.5512350126022753e-05,42.5,259.32702965017654,188.7521724700928,0.011044639354613,0.0671970754242856,0.0489904453249671,0.1272321601038658,United Kingdom,GBR,england,,,Linux-5.4.0-174-generic-x86_64-with-glibc2.31,3.12.1,2.4.1,112,Intel(R) Xeon(R) Gold 6330 CPU @ 2.00GHz,2,2 x NVIDIA A40,-1.568,53.8226,503.33912658691406,machine,N,1.0
2024-05-13T15:13:36,codecarbon,eb2c9ee6-ef59-41e2-a268-13ed1e0aeeec,1120.5635986328125,0.039835552827617,3.554956887428786e-05,42.5,258.0766071493481,188.7521724700928,0.0132274158539043,0.0806382081216305,0.0586704286660649,0.1525360526415999,United Kingdom,GBR,england,,,Linux-5.4.0-174-generic-x86_64-with-glibc2.31,3.12.1,2.4.1,112,Intel(R) Xeon(R) Gold 6330 CPU @ 2.00GHz,2,2 x NVIDIA A40,-1.568,53.8226,503.33912658691406,machine,N,1.0
2024-05-13T15:58:26,codecarbon,3211adf2-5a7d-4a00-a403-40f3547879f9,2161.4641003608704,0.0766647898066003,3.546891655235017e-05,42.5,261.0254629543106,188.7521724700928,0.0255142902394135,0.1548756719559954,0.1131705279602467,0.293560490155656,United Kingdom,GBR,england,,,Linux-5.4.0-174-generic-x86_64-with-glibc2.31,3.12.1,2.4.1,112,Intel(R) Xeon(R) Gold 6330 CPU @ 2.00GHz,2,2 x NVIDIA A40,-1.568,53.8226,503.33912658691406,machine,N,1.0
2024-05-13T16:28:27,codecarbon,3bf90793-82e3-4c8a-85d2-569049b8b37f,1304.0553023815155,0.0463891274293022,3.557297558208202e-05,42.5,259.1222186790905,188.7521724700928,0.015393245755136,0.09396057461284,0.0682768105956365,0.1776306309636126,United Kingdom,GBR,england,,,Linux-5.4.0-174-generic-x86_64-with-glibc2.31,3.12.1,2.4.1,112,Intel(R) Xeon(R) Gold 6330 CPU @ 2.00GHz,2,2 x NVIDIA A40,-1.568,53.8226,503.33912658691406,machine,N,1.0
2024-05-13T17:00:14,codecarbon,6e506efc-c4f5-4dfa-bd7b-ca77713b674a,1737.0685949325562,0.0616275419825253,3.547789774238483e-05,42.5,255.2826617852652,188.7521724700928,0.0205046556815505,0.1245264068432661,0.090949646182753,0.2359807087075695,United Kingdom,GBR,england,,,Linux-5.4.0-174-generic-x86_64-with-glibc2.31,3.12.1,2.4.1,112,Intel(R) Xeon(R) Gold 6330 CPU @ 2.00GHz,2,2 x NVIDIA A40,-1.568,53.8226,503.33912658691406,machine,N,1.0
2024-05-13T17:42:23,codecarbon,afd4e4fe-51b5-4549-b0fb-34cbe7b143d1,2320.892723083496,0.0821233034591703,3.538435992425485e-05,42.5,253.7520825496763,188.7521724700928,0.0273963300887081,0.1655516254967537,0.1215139672541176,0.3144619228395794,United Kingdom,GBR,england,,,Linux-5.4.0-174-generic-x86_64-with-glibc2.31,3.12.1,2.4.1,112,Intel(R) Xeon(R) Gold 6330 CPU @ 2.00GHz,2,2 x NVIDIA A40,-1.568,53.8226,503.33912658691406,machine,N,1.0
2024-05-13T18:11:10,codecarbon,b289fb38-06a3-4cdf-8d6c-0adda7013aa1,1437.529700756073,0.0510097135166404,3.5484284943686194e-05,42.5,256.8824643668909,188.7521724700928,0.0169688671446508,0.1030909177504497,0.075263733768683,0.1953235186637837,United Kingdom,GBR,england,,,Linux-5.4.0-174-generic-x86_64-with-glibc2.31,3.12.1,2.4.1,112,Intel(R) Xeon(R) Gold 6330 CPU @ 2.00GHz,2,2 x NVIDIA A40,-1.568,53.8226,503.33912658691406,machine,N,1.0
2024-05-13T18:43:50,codecarbon,baa90fe6-a73a-49a7-9cb7-f65ae02ae1a9,1654.250402927399,0.0587054037915712,3.548761643804638e-05,42.5,256.8532730712052,188.7521724700928,0.0195264731289611,0.1186570654811305,0.0866078833101135,0.2247914219202053,United Kingdom,GBR,england,,,Linux-5.4.0-174-generic-x86_64-with-glibc2.31,3.12.1,2.4.1,112,Intel(R) Xeon(R) Gold 6330 CPU @ 2.00GHz,2,2 x NVIDIA A40,-1.568,53.8226,503.33912658691406,machine,N,1.0
2024-05-13T19:22:06,codecarbon,461ffb00-7a5a-4305-be50-c8ea37df88dc,1158.3378729820251,0.0411881464217708,3.5557972662791434e-05,42.5,260.94327135525185,188.7521724700928,0.0136731372510393,0.0833930708810726,0.0606491196302162,0.1577153277623282,United Kingdom,GBR,england,,,Linux-5.4.0-174-generic-x86_64-with-glibc2.31,3.12.1,2.4.1,112,Intel(R) Xeon(R) Gold 6330 CPU @ 2.00GHz,2,2 x NVIDIA A40,-1.568,53.8226,503.33912658691406,machine,N,1.0
2024-05-13T20:18:20,codecarbon,4c9c47f8-e099-41b8-b332-12b7725fb32c,1539.2977032661438,0.0546879921316572,3.552788522689147e-05,42.5,261.3657577703368,188.7521724700928,0.018170236789849,0.1106429043475891,0.0805950345883077,0.209408175725746,United Kingdom,GBR,england,,,Linux-5.4.0-174-generic-x86_64-with-glibc2.31,3.12.1,2.4.1,112,Intel(R) Xeon(R) Gold 6330 CPU @ 2.00GHz,2,2 x NVIDIA A40,-1.568,53.8226,503.33912658691406,machine,N,1.0
2024-05-13T21:14:00,codecarbon,6411e3e4-49bf-427d-9d14-8b4b201dd31c,1514.5472719669342,0.0538660568131222,3.556578114803028e-05,42.5,259.0914934762838,188.7521724700928,0.0178779883805248,0.1090817794875782,0.0793010994831721,0.2062608673512752,United Kingdom,GBR,england,,,Linux-5.4.0-174-generic-x86_64-with-glibc2.31,3.12.1,2.4.1,112,Intel(R) Xeon(R) Gold 6330 CPU @ 2.00GHz,2,2 x NVIDIA A40,-1.568,53.8226,503.33912658691406,machine,N,1.0
2024-05-13T22:00:02,codecarbon,29ba163c-3805-44c4-ba8d-62274fb6251e,2299.5940022468567,0.0814027511264724,3.539874910394466e-05,42.5,257.86326512836985,188.7521724700928,0.0271447147061427,0.1641544563234518,0.1204036534481004,0.311702824477695,United Kingdom,GBR,england,,,Linux-5.4.0-174-generic-x86_64-with-glibc2.31,3.12.1,2.4.1,112,Intel(R) Xeon(R) Gold 6330 CPU @ 2.00GHz,2,2 x NVIDIA A40,-1.568,53.8226,503.33912658691406,machine,N,1.0
2024-05-13T22:26:03,codecarbon,37b5dc1c-c549-45f0-8427-7cf322d71e5d,1313.2633044719696,0.0465217378570562,3.5424531926414745e-05,42.5,257.08541112739056,188.7521724700928,0.0155019516984621,0.0938847442744084,0.0687517193630648,0.1781384153359354,United Kingdom,GBR,england,,,Linux-5.4.0-174-generic-x86_64-with-glibc2.31,3.12.1,2.4.1,112,Intel(R) Xeon(R) Gold 6330 CPU @ 2.00GHz,2,2 x NVIDIA A40,-1.568,53.8226,503.33912658691406,machine,N,1.0
2024-05-13T23:07:50,codecarbon,993c3988-8bee-40ae-aa77-ca6f30f68e5a,1819.8337833881376,0.0645562441406793,3.5473703549172226e-05,42.5,254.2852120015528,188.7521724700928,0.021481639547646,0.1304297585103881,0.0952837318099725,0.2471951298680068,United Kingdom,GBR,england,,,Linux-5.4.0-174-generic-x86_64-with-glibc2.31,3.12.1,2.4.1,112,Intel(R) Xeon(R) Gold 6330 CPU @ 2.00GHz,2,2 x NVIDIA A40,-1.568,53.8226,503.33912658691406,machine,N,1.0
2024-05-13T23:37:56,codecarbon,6d27f3fe-d597-4ed9-acec-077bf6ec27c0,1317.5890181064606,0.0468510392984377,3.555815861744848e-05,42.5,259.58662409689583,188.7521724700928,0.0155530807894137,0.0948578617195643,0.068988415337656,0.1793993578466341,United Kingdom,GBR,england,,,Linux-5.4.0-174-generic-x86_64-with-glibc2.31,3.12.1,2.4.1,112,Intel(R) Xeon(R) Gold 6330 CPU @ 2.00GHz,2,2 x NVIDIA A40,-1.568,53.8226,503.33912658691406,machine,N,1.0
2024-05-14T00:04:16,codecarbon,f528ae9b-d1fc-4a44-ab11-1f15e3fe3b9c,1340.3234231472015,0.0475758454670738,3.549579500398599e-05,42.5,259.5946580915149,188.7521724700928,0.0158214352842834,0.096173606661047,0.0701797028118974,0.1821747447572278,United Kingdom,GBR,england,,,Linux-5.4.0-174-generic-x86_64-with-glibc2.31,3.12.1,2.4.1,112,Intel(R) Xeon(R) Gold 6330 CPU @ 2.00GHz,2,2 x NVIDIA A40,-1.568,53.8226,503.33912658691406,machine,N,1.0
2024-05-14T00:23:25,codecarbon,c6021c65-d6fb-4e4f-82ff-3e81bd9d22f1,942.8061304092408,0.0335100584905117,3.5542894143004896e-05,42.5,260.43357635332404,188.7521724700928,0.0111290235179993,0.0678234025920083,0.049362400297726,0.1283148264077337,United Kingdom,GBR,england,,,Linux-5.4.0-174-generic-x86_64-with-glibc2.31,3.12.1,2.4.1,112,Intel(R) Xeon(R) Gold 6330 CPU @ 2.00GHz,2,2 x NVIDIA A40,-1.568,53.8226,503.33912658691406,machine,N,1.0
2024-05-14T02:10:34,codecarbon,00e54276-81db-4424-ad48-73148ab72857,9.81216311454773,0.0003312731563471,3.3761480774405026e-05,42.5,234.5954579774741,188.7521724700928,0.0001158185283342,0.0006388010666,0.0005138728955296,0.001268492490464,United Kingdom,GBR,england,,,Linux-5.4.0-174-generic-x86_64-with-glibc2.31,3.12.1,2.4.1,112,Intel(R) Xeon(R) Gold 6330 CPU @ 2.00GHz,2,2 x NVIDIA A40,-1.568,53.8226,503.33912658691406,machine,N,1.0
2024-05-14T02:10:48,codecarbon,261ca3ae-5256-4ca7-b22a-0f1eab092f6f,9.7578125,0.000331351307572,3.395753992731663e-05,42.5,237.3103338659689,188.7521724700928,0.0001151815755499,0.0006425941251855,0.000511016041992,0.0012687917427275,United Kingdom,GBR,england,,,Linux-5.4.0-174-generic-x86_64-with-glibc2.31,3.12.1,2.4.1,112,Intel(R) Xeon(R) Gold 6330 CPU @ 2.00GHz,2,2 x NVIDIA A40,-1.568,53.8226,503.33912658691406,machine,N,1.0
2024-05-14T02:29:45,codecarbon,0479f401-5ad3-42b2-9470-85a54b61c982,507.9495861530304,0.017921899737464,3.528283165499946e-05,42.5,257.2594205421196,188.7521724700928,0.0059960052347845,0.0360339138271079,0.0265956088332809,0.0686255278951734,United Kingdom,GBR,england,,,Linux-5.4.0-174-generic-x86_64-with-glibc2.31,3.12.1,2.4.1,112,Intel(R) Xeon(R) Gold 6330 CPU @ 2.00GHz,2,2 x NVIDIA A40,-1.568,53.8226,503.33912658691406,machine,N,1.0
2024-05-14T02:38:18,codecarbon,09169efb-ca48-4595-996c-60245b65fe25,508.2459733486176,0.0180172761346772,3.5449914174369294e-05,42.5,257.244973560774,188.7521724700928,0.0059994790900084,0.0363765160456281,0.0266147426816644,0.0689907378173011,United Kingdom,GBR,england,,,Linux-5.4.0-174-generic-x86_64-with-glibc2.31,3.12.1,2.4.1,112,Intel(R) Xeon(R) Gold 6330 CPU @ 2.00GHz,2,2 x NVIDIA A40,-1.568,53.8226,503.33912658691406,machine,N,1.0
2024-05-14T17:09:27,codecarbon,df89b3ba-ffb2-4616-ade1-c4b3ace0f69b,24.62236285209656,0.0008526311240171,3.4628322600018884e-05,42.5,240.25238820141467,188.7521724700928,0.0002906463561786,0.0016858652375795,0.0012883354281909,0.0032648470219491,United Kingdom,GBR,england,,,Linux-5.4.0-174-generic-x86_64-with-glibc2.31,3.12.1,2.4.1,112,Intel(R) Xeon(R) Gold 6330 CPU @ 2.00GHz,2,2 x NVIDIA A40,-1.568,53.8226,503.33912658691406,machine,N,1.0
2024-05-14T17:09:56,codecarbon,92986967-02bd-4038-bb2d-3d045cbdcfd8,24.59200072288513,0.0008633066119506,3.5105180000552587e-05,42.5,248.63593031643904,188.7521724700928,0.0002902875315811,0.0017277311044061,0.0012877063623875,0.0033057249983749,United Kingdom,GBR,england,,,Linux-5.4.0-174-generic-x86_64-with-glibc2.31,3.12.1,2.4.1,112,Intel(R) Xeon(R) Gold 6330 CPU @ 2.00GHz,2,2 x NVIDIA A40,-1.568,53.8226,503.33912658691406,machine,N,1.0
2024-05-14T18:49:19,codecarbon,a1a8d727-dd86-4c90-88bc-d51ef14b6fb2,6.666809558868408,0.0001497004732086,2.245458969343426e-05,42.5,78.9856503518464,188.7521724700928,7.869881557093727e-05,0.000145905672273,0.000348620122861,0.0005732246107049,United Kingdom,GBR,england,,,Linux-5.4.0-174-generic-x86_64-with-glibc2.31,3.12.1,2.4.1,112,Intel(R) Xeon(R) Gold 6330 CPU @ 2.00GHz,2,2 x NVIDIA A40,-1.568,53.8226,503.33912658691406,machine,N,1.0
2024-05-15T13:43:12,codecarbon,6842bd98-0c6b-42ea-ad6e-236684cd40ce,6.003842830657959,0.0001447077027417,2.4102513477332272e-05,42.5,101.68892665168956,188.7521724700928,7.085796164141761e-05,0.0001692301353841,0.0003140184785395,0.0005541065755651,United Kingdom,GBR,england,,,Linux-5.4.0-174-generic-x86_64-with-glibc2.31,3.12.1,2.4.1,112,Intel(R) Xeon(R) Gold 6330 CPU @ 2.00GHz,2,2 x NVIDIA A40,-1.568,53.8226,503.33912658691406,machine,N,1.0
2024-05-15T13:56:58,codecarbon,2c68a082-1efe-4179-a2d6-66f47f4c2dd6,140.15938353538513,0.0049148865750544,3.506641118904194e-05,42.5,258.45883845626673,188.7521724700928,0.0016544910805092,0.0098266420279777,0.0073386734242404,0.0188198065327275,United Kingdom,GBR,england,,,Linux-5.4.0-174-generic-x86_64-with-glibc2.31,3.12.1,2.4.1,112,Intel(R) Xeon(R) Gold 6330 CPU @ 2.00GHz,2,2 x NVIDIA A40,-1.568,53.8226,503.33912658691406,machine,N,1.0
2024-05-15T14:07:06,codecarbon,3c46712b-44c2-4818-81e9-f591c66c12c6,168.14630222320557,0.0059097886420524,3.5146705957336505e-05,42.5,260.4390381348047,188.7521724700928,0.0019848354743586,0.0118409550283153,0.0088036389244954,0.0226294294271694,United Kingdom,GBR,england,,,Linux-5.4.0-174-generic-x86_64-with-glibc2.31,3.12.1,2.4.1,112,Intel(R) Xeon(R) Gold 6330 CPU @ 2.00GHz,2,2 x NVIDIA A40,-1.568,53.8226,503.33912658691406,machine,N,1.0
2024-05-15T14:13:33,codecarbon,d747ff8e-f14d-47dc-a5f6-28f222a19546,167.97657990455627,0.0059351989192688,3.5333490672575665e-05,42.5,266.20937822776034,188.7521724700928,0.0019828275072905,0.0119489184480165,0.0087949830725452,0.0227267290278524,United Kingdom,GBR,england,,,Linux-5.4.0-174-generic-x86_64-with-glibc2.31,3.12.1,2.4.1,112,Intel(R) Xeon(R) Gold 6330 CPU @ 2.00GHz,2,2 x NVIDIA A40,-1.568,53.8226,503.33912658691406,machine,N,1.0
2024-05-15T14:20:01,codecarbon,a95c2029-064c-462b-bbcd-09fa5726651b,168.02626729011536,0.0059272403206334,3.527567692972339e-05,42.5,260.5208946336133,188.7521724700928,0.0019834217925866,0.0119144820315817,0.0087983505865588,0.0226962544107271,United Kingdom,GBR,england,,,Linux-5.4.0-174-generic-x86_64-with-glibc2.31,3.12.1,2.4.1,112,Intel(R) Xeon(R) Gold 6330 CPU @ 2.00GHz,2,2 x NVIDIA A40,-1.568,53.8226,503.33912658691406,machine,N,1.0
2024-05-15T14:30:00,codecarbon,50c412d4-f090-4f08-becf-d786cf5866d4,168.76699924468994,0.0059458025909543,3.523083670127798e-05,42.5,258.8205914376572,188.7521724700928,0.0019921541518635,0.0119377445501918,0.0088374333074959,0.0227673320095513,United Kingdom,GBR,england,,,Linux-5.4.0-174-generic-x86_64-with-glibc2.31,3.12.1,2.4.1,112,Intel(R) Xeon(R) Gold 6330 CPU @ 2.00GHz,2,2 x NVIDIA A40,-1.568,53.8226,503.33912658691406,machine,N,1.0
2024-05-15T14:37:06,codecarbon,31da6706-a9a2-4da9-8af5-c607371b0248,168.27642393112183,0.0059185174272169,3.517140006278909e-05,42.5,255.37530169013672,188.7521724700928,0.0019863965685168,0.0118643742137152,0.0088120824168909,0.022662853199123,United Kingdom,GBR,england,,,Linux-5.4.0-174-generic-x86_64-with-glibc2.31,3.12.1,2.4.1,112,Intel(R) Xeon(R) Gold 6330 CPU @ 2.00GHz,2,2 x NVIDIA A40,-1.568,53.8226,503.33912658691406,machine,N,1.0
2024-05-15T14:44:32,codecarbon,ca84e78f-0882-464a-b088-91b18688eb28,179.9024429321289,0.0063492732775949,3.529286859095247e-05,42.5,260.8670856737881,188.7521724700928,0.0021236125143037,0.0127682246590055,0.0094204420386336,0.0243122792119429,United Kingdom,GBR,england,,,Linux-5.4.0-174-generic-x86_64-with-glibc2.31,3.12.1,2.4.1,112,Intel(R) Xeon(R) Gold 6330 CPU @ 2.00GHz,2,2 x NVIDIA A40,-1.568,53.8226,503.33912658691406,machine,N,1.0
2024-05-15T14:51:51,codecarbon,0f105025-3252-4605-a989-27c3f223bdde,172.19881796836853,0.0060796090561933,3.530575370912297e-05,42.5,263.7564653311739,188.7521724700928,0.0020326537438564,0.0122299497839577,0.0090170926533552,0.0232796961811694,United Kingdom,GBR,england,,,Linux-5.4.0-174-generic-x86_64-with-glibc2.31,3.12.1,2.4.1,112,Intel(R) Xeon(R) Gold 6330 CPU @ 2.00GHz,2,2 x NVIDIA A40,-1.568,53.8226,503.33912658691406,machine,N,1.0
2024-05-15T15:06:12,codecarbon,0f8fa0d4-d25d-4467-ba39-80f765dfc5c3,172.22895789146423,0.0060951119245173,3.538958836619332e-05,42.5,264.2821269086037,188.7521724700928,0.0020330294592512,0.012288384552928,0.0090176448782013,0.0233390588903806,United Kingdom,GBR,england,,,Linux-5.4.0-174-generic-x86_64-with-glibc2.31,3.12.1,2.4.1,112,Intel(R) Xeon(R) Gold 6330 CPU @ 2.00GHz,2,2 x NVIDIA A40,-1.568,53.8226,503.33912658691406,machine,N,1.0
2024-05-15T15:11:49,codecarbon,8fa196a0-6a86-4d73-8205-a0ba3846d446,172.2106852531433,0.0060929709356434,3.5380911043278385e-05,42.5,261.9025394099447,188.7521724700928,0.0020328299671411,0.0122806639911807,0.0090173667781888,0.0233308607365107,United Kingdom,GBR,england,,,Linux-5.4.0-174-generic-x86_64-with-glibc2.31,3.12.1,2.4.1,112,Intel(R) Xeon(R) Gold 6330 CPU @ 2.00GHz,2,2 x NVIDIA A40,-1.568,53.8226,503.33912658691406,machine,N,1.0
2024-05-15T17:38:58,codecarbon,4b15e0fb-f3f1-4ace-9866-3565f262d927,8437.832393169403,0.3006125852782142,3.5626754748241526e-05,42.5,252.4253300729461,188.7521724700928,0.0995998229430782,0.6096831730239245,0.4418057646472477,1.1510887606142493,United Kingdom,GBR,england,,,Linux-5.4.0-174-generic-x86_64-with-glibc2.31,3.12.1,2.4.1,112,Intel(R) Xeon(R) Gold 6330 CPU @ 2.00GHz,2,2 x NVIDIA A40,-1.568,53.8226,503.33912658691406,machine,N,1.0
2024-05-15T20:22:12,codecarbon,1c0c239a-82f5-47c6-b9c1-eab76f1efde5,9075.393248081207,0.3232444131586276,3.561767565575966e-05,42.5,256.1756685670772,188.7521724700928,0.1071277849619588,0.6554347771251727,0.4751867176839925,1.2377492797711231,United Kingdom,GBR,england,,,Linux-5.4.0-174-generic-x86_64-with-glibc2.31,3.12.1,2.4.1,112,Intel(R) Xeon(R) Gold 6330 CPU @ 2.00GHz,2,2 x NVIDIA A40,-1.568,53.8226,503.33912658691406,machine,N,1.0
2024-05-16T02:52:44,codecarbon,b72b18fa-f3e6-4632-8239-ce2dec8ac9e8,4905.015022039413,0.1746907261397457,3.561471786626916e-05,42.5,257.2577679441212,188.7521724700928,0.0578967447227901,0.3542276817152547,0.2567914516410488,0.6689158780790937,United Kingdom,GBR,england,,,Linux-5.4.0-174-generic-x86_64-with-glibc2.31,3.12.1,2.4.1,112,Intel(R) Xeon(R) Gold 6330 CPU @ 2.00GHz,2,2 x NVIDIA A40,-1.568,53.8226,503.33912658691406,machine,N,1.0
2024-05-16T05:14:32,codecarbon,943d954d-a606-48ea-9d90-6c6e1c1a1647,6186.482383012772,0.2202650212547878,3.560424286660951e-05,42.5,255.79519614960265,188.7521724700928,0.0730270956032805,0.4464724513443379,0.3239268521440622,0.8434263990916807,United Kingdom,GBR,england,,,Linux-5.4.0-174-generic-x86_64-with-glibc2.31,3.12.1,2.4.1,112,Intel(R) Xeon(R) Gold 6330 CPU @ 2.00GHz,2,2 x NVIDIA A40,-1.568,53.8226,503.33912658691406,machine,N,1.0
2024-05-16T13:15:13,codecarbon,69b067b9-1e60-405a-acb5-ea7665cad7d1,7873.837894201279,0.280573297843076,3.56336136980551e-05,42.5,263.44894898876083,188.7521724700928,0.0929446466998921,0.5691269366900791,0.4122838677523626,1.0743554511423332,United Kingdom,GBR,england,,,Linux-5.4.0-174-generic-x86_64-with-glibc2.31,3.12.1,2.4.1,112,Intel(R) Xeon(R) Gold 6330 CPU @ 2.00GHz,2,2 x NVIDIA A40,-1.568,53.8226,503.33912658691406,machine,N,1.0
2024-05-16T15:40:57,codecarbon,5701098c-f663-4de0-8f57-92d4b35385ab,7117.583349943161,0.2535264701748054,3.561974025591566e-05,42.5,254.86830206200528,188.7521724700928,0.0840179896679189,0.5140747198705533,0.372696554212194,0.9707892637506672,United Kingdom,GBR,england,,,Linux-5.4.0-174-generic-x86_64-with-glibc2.31,3.12.1,2.4.1,112,Intel(R) Xeon(R) Gold 6330 CPU @ 2.00GHz,2,2 x NVIDIA A40,-1.568,53.8226,503.33912658691406,machine,N,1.0
2024-05-16T18:14:11,codecarbon,216e20fa-32ae-4651-806b-8cb35820f053,9019.50848197937,0.3213650671432803,3.5629997774862706e-05,42.5,252.63946603888388,188.7521724700928,0.1064684091445473,0.6518022753302901,0.4722823095068233,1.2305529939816595,United Kingdom,GBR,england,,,Linux-5.4.0-174-generic-x86_64-with-glibc2.31,3.12.1,2.4.1,112,Intel(R) Xeon(R) Gold 6330 CPU @ 2.00GHz,2,2 x NVIDIA A40,-1.568,53.8226,503.33912658691406,machine,N,1.0
2024-05-16T21:00:51,codecarbon,b3aa51f1-84e9-4dbc-9f0d-c78ae6610737,8619.391482114792,0.307127578728725,3.5632164911642976e-05,42.5,256.3755198267622,188.7521724700928,0.1017454933469494,0.6229726836555223,0.4513174291652274,1.1760356061676975,United Kingdom,GBR,england,,,Linux-5.4.0-174-generic-x86_64-with-glibc2.31,3.12.1,2.4.1,112,Intel(R) Xeon(R) Gold 6330 CPU @ 2.00GHz,2,2 x NVIDIA A40,-1.568,53.8226,503.33912658691406,machine,N,1.0
2024-05-16T23:25:12,codecarbon,576a3f18-7359-4af2-9896-ced1a6d44e92,7704.820197820663,0.2740279543556923,3.556578185084736e-05,42.5,252.9910822729748,188.7521724700928,0.0909496994586454,0.5549076147590704,0.4034350767213516,1.049292390939068,United Kingdom,GBR,england,,,Linux-5.4.0-174-generic-x86_64-with-glibc2.31,3.12.1,2.4.1,112,Intel(R) Xeon(R) Gold 6330 CPU @ 2.00GHz,2,2 x NVIDIA A40,-1.568,53.8226,503.33912658691406,machine,N,1.0
2024-05-17T12:09:58,codecarbon,cbb2a9c4-28d0-4846-a639-7783e59a7cfb,8886.483483076096,0.0028762754569557,3.2366857626342985e-07,42.5,251.4550118265998,188.7521724700928,0.1048982495425475,0.6397299365057592,0.4653048859361903,1.209933071984496,Canada,CAN,quebec,,,Linux-5.4.0-174-generic-x86_64-with-glibc2.31,3.12.1,2.4.1,112,Intel(R) Xeon(R) Gold 6330 CPU @ 2.00GHz,2,2 x NVIDIA A40,-71.2,46.8,503.33912658691406,machine,N,1.0
2024-05-17T14:11:09,codecarbon,4e7a50e8-b885-46e8-b9d9-92f73a2c804a,5938.50750041008,0.2115784411376105,3.5628218222002776e-05,42.5,263.54625060599125,188.7521724700928,0.0700981199186708,0.4291282980245761,0.3109378183823479,0.8101642363255943,United Kingdom,GBR,england,,,Linux-5.4.0-174-generic-x86_64-with-glibc2.31,3.12.1,2.4.1,112,Intel(R) Xeon(R) Gold 6330 CPU @ 2.00GHz,2,2 x NVIDIA A40,-1.568,53.8226,503.33912658691406,machine,N,1.0
2024-05-17T16:59:38,codecarbon,bd90362e-9186-4cf4-ba65-e324fc6ec995,6734.63812994957,0.2398174824012735,3.5609557302683064e-05,42.5,264.07270551276576,188.7521724700928,0.0794977337635225,0.486172375604248,0.3526254714224639,0.918295580790234,United Kingdom,GBR,england,,,Linux-5.4.0-174-generic-x86_64-with-glibc2.31,3.12.1,2.4.1,112,Intel(R) Xeon(R) Gold 6330 CPU @ 2.00GHz,2,2 x NVIDIA A40,-1.568,53.8226,503.33912658691406,machine,N,1.0
2024-05-17T19:30:50,codecarbon,c106cb8b-5d5f-4e77-82d3-4c4a169e68d0,8798.952511548996,0.3128421994082533,3.5554482081547186e-05,42.5,255.5482505319329,188.7521724700928,0.1038630181459916,0.6333487764008439,0.4607059148910601,1.1979177094378948,United Kingdom,GBR,england,,,Linux-5.4.0-174-generic-x86_64-with-glibc2.31,3.12.1,2.4.1,112,Intel(R) Xeon(R) Gold 6330 CPU @ 2.00GHz,2,2 x NVIDIA A40,-1.568,53.8226,503.33912658691406,machine,N,1.0
2024-05-17T22:58:17,codecarbon,6be94e8f-585c-4fc7-985e-d4ada69522a5,7268.980238676071,0.2586791608068959,3.558671950028718e-05,42.5,257.5267500491936,188.7521724700928,0.0858045036001338,0.5240946981643084,0.3806204544048672,0.9905196561693091,United Kingdom,GBR,england,,,Linux-5.4.0-174-generic-x86_64-with-glibc2.31,3.12.1,2.4.1,112,Intel(R) Xeon(R) Gold 6330 CPU @ 2.00GHz,2,2 x NVIDIA A40,-1.568,53.8226,503.33912658691406,machine,N,1.0
2024-05-18T01:43:54,codecarbon,0872433b-0a11-4349-b2cf-d4140e89142a,7506.734962701797,0.2670192435638027,3.55706235654413e-05,42.5,252.87009931209096,188.7521724700928,0.0886113278107511,0.5407686323367855,0.3930750706341941,1.0224550307817302,United Kingdom,GBR,england,,,Linux-5.4.0-174-generic-x86_64-with-glibc2.31,3.12.1,2.4.1,112,Intel(R) Xeon(R) Gold 6330 CPU @ 2.00GHz,2,2 x NVIDIA A40,-1.568,53.8226,503.33912658691406,machine,N,1.0
2024-05-18T04:20:17,codecarbon,64f41f10-081a-4a52-96b2-4a25d4d88e36,7841.686673402786,0.279114345934617,3.559366212390368e-05,42.5,266.51029095340795,188.7521724700928,0.0925651963588265,0.5655949366422526,0.4106087817607193,1.068768914761797,United Kingdom,GBR,england,,,Linux-5.4.0-174-generic-x86_64-with-glibc2.31,3.12.1,2.4.1,112,Intel(R) Xeon(R) Gold 6330 CPU @ 2.00GHz,2,2 x NVIDIA A40,-1.568,53.8226,503.33912658691406,machine,N,1.0
2024-05-18T11:55:04,codecarbon,eab80532-ab9a-4989-8e2c-21db8be8f49a,5578.167311191559,0.1987655340282281,3.563276663097608e-05,42.5,258.40288245998835,188.7521724700928,0.0658460745756824,0.4031701047580505,0.2920855955824205,0.7611017749161539,United Kingdom,GBR,england,,,Linux-5.4.0-174-generic-x86_64-with-glibc2.31,3.12.1,2.4.1,112,Intel(R) Xeon(R) Gold 6330 CPU @ 2.00GHz,2,2 x NVIDIA A40,-1.568,53.8226,503.33912658691406,machine,N,1.0
2024-05-18T14:12:51,codecarbon,c39a27df-9b92-4716-a6c9-aa452229b3ab,4701.760854482651,0.1674021342003676,3.560413627604364e-05,42.5,252.5930598351105,188.7521724700928,0.0555007845754424,0.3393195025664965,0.2461865256717837,0.6410068128137225,United Kingdom,GBR,england,,,Linux-5.4.0-174-generic-x86_64-with-glibc2.31,3.12.1,2.4.1,112,Intel(R) Xeon(R) Gold 6330 CPU @ 2.00GHz,2,2 x NVIDIA A40,-1.568,53.8226,503.33912658691406,machine,N,1.0
2024-05-18T15:48:23,codecarbon,b678039f-934f-457b-8f5f-261798549a56,5197.757404088974,0.1848846687894124,3.557008425286784e-05,42.5,259.72726064191033,188.7521724700928,0.0613541152012017,0.3744478420580321,0.2721479911982444,0.7079499484574772,United Kingdom,GBR,england,,,Linux-5.4.0-174-generic-x86_64-with-glibc2.31,3.12.1,2.4.1,112,Intel(R) Xeon(R) Gold 6330 CPU @ 2.00GHz,2,2 x NVIDIA A40,-1.568,53.8226,503.33912658691406,machine,N,1.0
2024-05-20T16:22:32,codecarbon,d63d2803-8ef1-43d3-815c-1aaa616b4dba,10.929494857788086,0.0003039310830993,2.780833762712794e-05,42.5,152.3398478679095,188.7521724700928,0.0001290233179926,0.0004621831475155,0.0005725892998392,0.0011637957653475,United Kingdom,GBR,england,,,Linux-5.4.0-174-generic-x86_64-with-glibc2.31,3.12.1,2.4.1,112,Intel(R) Xeon(R) Gold 6330 CPU @ 2.00GHz,2,2 x NVIDIA A40,-1.568,53.8226,503.33912658691406,machine,N,1.0
2024-05-20T16:29:05,codecarbon,b5a051fb-4783-482d-bd59-633004c967c2,1.9030611515045168,7.088708049666448e-05,3.724897670294135e-05,42.5,286.29636553193814,188.7521724700928,2.2438136570983463e-05,0.0001501420645624,9.885661032592792e-05,0.0002714368114593,United Kingdom,GBR,england,,,Linux-5.4.0-174-generic-x86_64-with-glibc2.31,3.12.1,2.4.1,112,Intel(R) Xeon(R) Gold 6330 CPU @ 2.00GHz,2,2 x NVIDIA A40,-1.568,53.8226,503.33912658691406,machine,N,1.0
2024-05-20T17:32:33,codecarbon,4cf87579-cea7-429d-b38e-e91ed38b7d58,1.9458279609680176,5.455779298388064e-05,2.8038343614272576e-05,42.5,157.3253279166071,188.7521724700928,2.294109165668488e-05,8.459673434302317e-05,0.000101371798491,0.0002089096244907,United Kingdom,GBR,england,,,Linux-5.4.0-174-generic-x86_64-with-glibc2.31,3.12.1,2.4.1,112,Intel(R) Xeon(R) Gold 6330 CPU @ 2.00GHz,2,2 x NVIDIA A40,-1.568,53.8226,503.33912658691406,machine,N,1.0
2024-05-20T17:56:23,codecarbon,9fbd5caf-a5fd-4c09-98c8-4e478f59f2de,5.389145374298096,0.0001486404717518,2.7581455208230528e-05,42.5,149.87460053922496,188.7521724700928,6.360441264179019e-05,0.0002238410123993,0.0002817202878567,0.0005691657128978,United Kingdom,GBR,england,,,Linux-5.4.0-174-generic-x86_64-with-glibc2.31,3.12.1,2.4.1,112,Intel(R) Xeon(R) Gold 6330 CPU @ 2.00GHz,2,2 x NVIDIA A40,-1.568,53.8226,503.33912658691406,machine,N,1.0
2024-05-20T17:57:25,codecarbon,853910f5-743c-42f8-8d23-465b24aab450,35.56136655807495,0.0014553289802961,4.092443910780256e-05,42.5,194.5596413216101,188.7521724700928,0.0004197350053323,0.0032911565218149,0.0018617721411576,0.0055726636683049,United Kingdom,GBR,england,,,Linux-5.4.0-174-generic-x86_64-with-glibc2.31,3.12.1,2.4.1,112,Intel(R) Xeon(R) Gold 6330 CPU @ 2.00GHz,2,2 x NVIDIA A40,-1.568,53.8226,503.33912658691406,machine,N,1.0
2024-05-21T15:23:51,codecarbon,84402d40-aadc-4a98-9c70-4eec7b32d7ec,2.10162091255188,5.0390431266635e-05,2.3976936547252347e-05,42.5,101.94634795046764,188.7521724700928,2.4781048629019e-05,5.9031713885104864e-05,0.000109139435478,0.0001929521979921,United Kingdom,GBR,england,,,Linux-5.4.0-174-generic-x86_64-with-glibc2.31,3.12.1,2.4.1,112,Intel(R) Xeon(R) Gold 6330 CPU @ 2.00GHz,2,2 x NVIDIA A40,-1.568,53.8226,503.33912658691406,machine,N,1.0
2024-05-21T15:39:44,codecarbon,380095d7-48f6-4738-9417-904ea85e750b,1.3934507369995115,4.005470442937089e-05,2.874497344313717e-05,42.5,168.71487877544092,188.7521724700928,1.6415386564201782e-05,6.476921848275197e-05,7.219061055056841e-05,0.0001533752155975,United Kingdom,GBR,england,,,Linux-5.4.0-174-generic-x86_64-with-glibc2.31,3.12.1,2.4.1,112,Intel(R) Xeon(R) Gold 6330 CPU @ 2.00GHz,2,2 x NVIDIA A40,-1.568,53.8226,503.33912658691406,machine,N,1.0
2024-05-21T18:13:17,codecarbon,1b59b842-cdfa-44cb-9f4e-88fe000a102b,1.689666986465454,4.689222021679383e-05,2.7752344451545308e-05,42.5,154.72142976839655,188.7521724700928,1.9920830759737223e-05,7.19625575626992e-05,8.767365717465851e-05,0.000179557045497,United Kingdom,GBR,england,,,Linux-5.4.0-174-generic-x86_64-with-glibc2.31,3.12.1,2.4.1,112,Intel(R) Xeon(R) Gold 6330 CPU @ 2.00GHz,2,2 x NVIDIA A40,-1.568,53.8226,503.33912658691406,machine,N,1.0
2024-05-21T18:23:25,codecarbon,0f3c3102-f86d-4fac-a218-0c293bcb53a7,2.0350069999694824,5.6731907272717406e-05,2.787799121750843e-05,42.5,155.5986623543471,188.7521724700928,2.399228695366118e-05,8.737006989889551e-05,0.0001058722634791,0.0002172346203316,United Kingdom,GBR,england,,,Linux-5.4.0-174-generic-x86_64-with-glibc2.31,3.12.1,2.4.1,112,Intel(R) Xeon(R) Gold 6330 CPU @ 2.00GHz,2,2 x NVIDIA A40,-1.568,53.8226,503.33912658691406,machine,N,1.0
2024-05-21T19:32:42,codecarbon,01bd236f-be79-4e19-b6eb-00505ced1ac0,1.6841673851013184,4.716020133744914e-05,2.800208682025511e-05,42.5,158.01674543199746,188.7521724700928,1.985070904095968e-05,7.329450308191099e-05,8.743797157052654e-05,0.0001805831836933,United Kingdom,GBR,england,,,Linux-5.4.0-174-generic-x86_64-with-glibc2.31,3.12.1,2.4.1,112,Intel(R) Xeon(R) Gold 6330 CPU @ 2.00GHz,2,2 x NVIDIA A40,-1.568,53.8226,503.33912658691406,machine,N,1.0
2024-05-25T21:01:52,codecarbon,d0870351-5f8f-4b54-88c4-84788e254f30,8.46260666847229,0.0002031302866273,2.400327636449752e-05,42.5,100.10022457783086,188.7521724700928,9.988988157775668e-05,0.0002349729657559,0.0004429521921156,0.0007778150394492,United Kingdom,GBR,england,,,Linux-5.4.0-182-generic-x86_64-with-glibc2.31,3.12.1,2.4.1,112,Intel(R) Xeon(R) Gold 6330 CPU @ 2.00GHz,2,2 x NVIDIA A40,-1.568,53.8226,503.33912658691406,machine,N,1.0
2024-05-25T21:07:03,codecarbon,ce644bf4-b7be-4a8c-b516-615b2a293d02,0.8458454608917236,2.3513332532636308e-05,2.7798615255140845e-05,42.5,158.60633782950055,188.7521724700928,9.951277573903404e-06,3.666669599999839e-05,4.3417953491007207e-05,9.0035927064909e-05,United Kingdom,GBR,england,,,Linux-5.4.0-182-generic-x86_64-with-glibc2.31,3.12.1,2.4.1,112,Intel(R) Xeon(R) Gold 6330 CPU @ 2.00GHz,2,2 x NVIDIA A40,-1.568,53.8226,503.33912658691406,machine,N,1.0
2024-05-25T21:07:42,codecarbon,94842751-f1d5-4c78-b780-ed315e157659,0.2578632831573486,9.17688619409179e-06,3.5588184877379524e-05,42.5,295.1467357869166,188.7521724700928,3.007347219520145e-06,1.967418240600427e-05,1.245808552291919e-05,3.513961514844361e-05,United Kingdom,GBR,england,,,Linux-5.4.0-182-generic-x86_64-with-glibc2.31,3.12.1,2.4.1,112,Intel(R) Xeon(R) Gold 6330 CPU @ 2.00GHz,2,2 x NVIDIA A40,-1.568,53.8226,503.33912658691406,machine,N,1.0
2024-05-25T21:09:14,codecarbon,fe3e6e0f-4ef2-4692-ac42-4fb44329727a,0.8912134170532227,2.9797014994021764e-05,3.3434208264665644e-05,42.5,236.33255852181944,188.7521724700928,1.0486438042587706e-05,5.770504616398053e-05,4.590556541538717e-05,0.0001140970496219,United Kingdom,GBR,england,,,Linux-5.4.0-182-generic-x86_64-with-glibc2.31,3.12.1,2.4.1,112,Intel(R) Xeon(R) Gold 6330 CPU @ 2.00GHz,2,2 x NVIDIA A40,-1.568,53.8226,503.33912658691406,machine,N,1.0
2024-05-25T21:11:38,codecarbon,e59fb96b-cb01-4c8a-9776-aacf71d841d3,21.22601008415222,0.0007203809297278,3.393859358739013e-05,42.5,240.97487939044305,188.7521724700928,0.0002505234900448,0.0013971261177,0.0011107924275517,0.0027584420352966,United Kingdom,GBR,england,,,Linux-5.4.0-182-generic-x86_64-with-glibc2.31,3.12.1,2.4.1,112,Intel(R) Xeon(R) Gold 6330 CPU @ 2.00GHz,2,2 x NVIDIA A40,-1.568,53.8226,503.33912658691406,machine,N,1.0
2024-05-26T10:38:29,codecarbon,dd2e9d5d-b92c-4dd8-9a73-90819c1b081f,9.912944316864014,0.0003337857595449,3.3671707302657826e-05,42.5,234.01694070815256,188.7521724700928,0.0001170033103889,0.000642857180952,0.0005182531176076,0.0012781136089486,United Kingdom,GBR,england,,,Linux-5.4.0-182-generic-x86_64-with-glibc2.31,3.12.1,2.4.1,112,Intel(R) Xeon(R) Gold 6330 CPU @ 2.00GHz,2,2 x NVIDIA A40,-1.568,53.8226,503.33912658691406,machine,N,1.0
2024-05-26T15:03:33,codecarbon,53f0ba61-f082-4a39-9b20-a0c677c063bc,14.29949188232422,0.0004860784095447,3.399270502370485e-05,42.5,237.6621771056324,188.7521724700928,0.0001687972981068,0.0009433788102581,0.0007490879284893,0.0018612640368543,United Kingdom,GBR,england,,,Linux-5.4.0-182-generic-x86_64-with-glibc2.31,3.12.1,2.4.1,112,Intel(R) Xeon(R) Gold 6330 CPU @ 2.00GHz,2,2 x NVIDIA A40,-1.568,53.8226,503.33912658691406,machine,N,1.0
2024-05-26T15:17:56,codecarbon,4f95d5d1-ebe3-4590-adbb-931651a20f9a,8.462254524230957,0.0002860704212791,3.380546170763925e-05,42.5,235.29716399832648,188.7521724700928,9.988689803414877e-05,0.0005524807197618,0.0004430371084362,0.0010954047262322,United Kingdom,GBR,england,,,Linux-5.4.0-182-generic-x86_64-with-glibc2.31,3.12.1,2.4.1,112,Intel(R) Xeon(R) Gold 6330 CPU @ 2.00GHz,2,2 x NVIDIA A40,-1.568,53.8226,503.33912658691406,machine,N,1.0
2024-05-26T15:19:07,codecarbon,481ddfc6-4b88-45c8-a64c-276bac4ae6c3,7.644367933273315,0.0002595464213015,3.3952633306915024e-05,42.5,237.8172383952252,188.7521724700928,9.022295259767108e-05,0.0005038256808378,0.0003997918877169,0.0009938405211524,United Kingdom,GBR,england,,,Linux-5.4.0-182-generic-x86_64-with-glibc2.31,3.12.1,2.4.1,112,Intel(R) Xeon(R) Gold 6330 CPU @ 2.00GHz,2,2 x NVIDIA A40,-1.568,53.8226,503.33912658691406,machine,N,1.0
2024-05-26T15:20:34,codecarbon,7efee04a-3a70-4e77-889c-ca12881d21f4,5.611578941345215,0.0001908758522909,3.4014642631965576e-05,42.5,238.617156962984,188.7521724700928,6.622313923305936e-05,0.0003711850191696,0.000293482892088,0.0007308910504907,United Kingdom,GBR,england,,,Linux-5.4.0-182-generic-x86_64-with-glibc2.31,3.12.1,2.4.1,112,Intel(R) Xeon(R) Gold 6330 CPU @ 2.00GHz,2,2 x NVIDIA A40,-1.568,53.8226,503.33912658691406,machine,N,1.0
2024-05-26T15:21:23,codecarbon,3981729b-aabd-4e62-b8e3-3a76ab8150be,5.619174242019653,0.0001910442864253,3.39986407605475e-05,42.5,238.4341137404596,188.7521724700928,6.631462424993515e-05,0.0003713430748517,0.0002938783098789,0.0007315360089806,United Kingdom,GBR,england,,,Linux-5.4.0-182-generic-x86_64-with-glibc2.31,3.12.1,2.4.1,112,Intel(R) Xeon(R) Gold 6330 CPU @ 2.00GHz,2,2 x NVIDIA A40,-1.568,53.8226,503.33912658691406,machine,N,1.0
2024-05-26T15:22:21,codecarbon,215c2089-c63b-4e93-b26d-e152845478f2,5.624435663223267,0.0001907417780591,3.3913051811815416e-05,42.5,237.3430483863382,188.7521724700928,6.637030674351587e-05,0.0003699794626499,0.000294027891609,0.0007303776610025,United Kingdom,GBR,england,,,Linux-5.4.0-182-generic-x86_64-with-glibc2.31,3.12.1,2.4.1,112,Intel(R) Xeon(R) Gold 6330 CPU @ 2.00GHz,2,2 x NVIDIA A40,-1.568,53.8226,503.33912658691406,machine,N,1.0
2024-05-26T15:23:51,codecarbon,6691d2ef-5a7f-486a-8ff0-b58d401218db,23.981502294540405,0.0008210166523124,3.423541370464276e-05,42.5,244.11337636159948,188.7521724700928,0.0002830798925624,0.0016051087840855,0.0012556019929252,0.0031437906695733,United Kingdom,GBR,england,,,Linux-5.4.0-182-generic-x86_64-with-glibc2.31,3.12.1,2.4.1,112,Intel(R) Xeon(R) Gold 6330 CPU @ 2.00GHz,2,2 x NVIDIA A40,-1.568,53.8226,503.33912658691406,machine,N,1.0
2024-05-26T20:40:48,codecarbon,80e0f8be-2314-4522-82db-969f5f80691d,3.778308629989624,0.0001051436528885,2.782823299664198e-05,42.5,154.14172146484972,188.7521724700928,4.4575591054227614e-05,0.0001610465177257,0.0001969880380239,0.0004026101468039,United Kingdom,GBR,england,,,Linux-5.4.0-182-generic-x86_64-with-glibc2.31,3.12.1,2.4.1,112,Intel(R) Xeon(R) Gold 6330 CPU @ 2.00GHz,2,2 x NVIDIA A40,-1.568,53.8226,503.33912658691406,machine,N,1.0
2024-05-26T20:41:18,codecarbon,0f431cf6-348e-4bdc-9d7e-efd6b929d855,1.642664670944214,5.364967567385476e-05,3.266015068249845e-05,42.5,223.4113757738519,188.7521724700928,1.935515933566624e-05,0.0001009895252361,8.508762832223511e-05,0.000205432312894,United Kingdom,GBR,england,,,Linux-5.4.0-182-generic-x86_64-with-glibc2.31,3.12.1,2.4.1,112,Intel(R) Xeon(R) Gold 6330 CPU @ 2.00GHz,2,2 x NVIDIA A40,-1.568,53.8226,503.33912658691406,machine,N,1.0
2024-05-26T21:01:09,codecarbon,6d21d86d-3533-4fd4-9c67-0ec0bf1d2950,2.718837022781372,7.526572935105938e-05,2.768306033807885e-05,42.5,152.72936301128175,188.7521724700928,3.207177652253045e-05,0.0001146478694957,0.0001414836407311,0.0002882032867494,United Kingdom,GBR,england,,,Linux-5.4.0-182-generic-x86_64-with-glibc2.31,3.12.1,2.4.1,112,Intel(R) Xeon(R) Gold 6330 CPU @ 2.00GHz,2,2 x NVIDIA A40,-1.568,53.8226,503.33912658691406,machine,N,1.0
2024-05-26T21:01:38,codecarbon,88e99d7d-6334-413e-aede-bf10c49e2be3,1.640111207962036,5.327201500804514e-05,3.2480733470652704e-05,42.5,220.4373453792112,188.7521724700928,1.9323305785655976e-05,9.960091301430828e-05,8.506197716812039e-05,0.000203986195968,United Kingdom,GBR,england,,,Linux-5.4.0-182-generic-x86_64-with-glibc2.31,3.12.1,2.4.1,112,Intel(R) Xeon(R) Gold 6330 CPU @ 2.00GHz,2,2 x NVIDIA A40,-1.568,53.8226,503.33912658691406,machine,N,1.0
2024-05-27T15:00:23,codecarbon,a03349f5-11f8-47ac-b93c-4a45f9c0ef58,2.555433750152588,7.085398585665293e-05,2.772679426826156e-05,42.5,152.61953561154024,188.7521724700928,3.0141919189029272e-05,0.0001079086974373,0.0001332594707035,0.0002713100873299,United Kingdom,GBR,england,,,Linux-5.4.0-182-generic-x86_64-with-glibc2.31,3.12.1,2.4.1,112,Intel(R) Xeon(R) Gold 6330 CPU @ 2.00GHz,2,2 x NVIDIA A40,-1.568,53.8226,503.33912658691406,machine,N,1.0
2024-05-27T15:00:40,codecarbon,df20294e-46ab-4487-8dd9-b8ca3dbdb5f7,1.723017692565918,5.983384583380697e-05,3.472619352196112e-05,42.5,250.49340622358417,188.7521724700928,2.031189170148637e-05,0.0001191845397923,8.961595706397702e-05,0.0002291123885577,United Kingdom,GBR,england,,,Linux-5.4.0-182-generic-x86_64-with-glibc2.31,3.12.1,2.4.1,112,Intel(R) Xeon(R) Gold 6330 CPU @ 2.00GHz,2,2 x NVIDIA A40,-1.568,53.8226,503.33912658691406,machine,N,1.0
2024-05-27T16:48:19,codecarbon,6a463b00-da69-4fb8-883b-19c5e7869a98,2.345690488815308,6.585105440103708e-05,2.8073206893674705e-05,42.5,157.71975653539258,188.7521724700928,2.767759942346149e-05,0.0001022514706905,0.0001222240741912,0.0002521531443052,United Kingdom,GBR,england,,,Linux-5.4.0-182-generic-x86_64-with-glibc2.31,3.12.1,2.4.1,112,Intel(R) Xeon(R) Gold 6330 CPU @ 2.00GHz,2,2 x NVIDIA A40,-1.568,53.8226,503.33912658691406,machine,N,1.0
2024-05-27T16:48:36,codecarbon,d765050a-afd6-4a03-81e7-ce316cec4d4b,1.7170507907867432,5.5518979863521e-05,3.233391822852399e-05,42.5,217.67455917770369,188.7521724700928,2.023753672838212e-05,0.0001031389713999,8.921363896259891e-05,0.0002125901470908,United Kingdom,GBR,england,,,Linux-5.4.0-182-generic-x86_64-with-glibc2.31,3.12.1,2.4.1,112,Intel(R) Xeon(R) Gold 6330 CPU @ 2.00GHz,2,2 x NVIDIA A40,-1.568,53.8226,503.33912658691406,machine,N,1.0
2024-05-28T12:28:33,codecarbon,04c1b4d2-5082-4dc6-a1ad-7f8266dc8c7a,8.61897873878479,0.0002386930843606,2.7693894090551244e-05,42.5,150.92039723062825,188.7521724700928,0.0001017349921994,0.000360974177668,0.000451280929348,0.0009139900992154,United Kingdom,GBR,england,,,Linux-5.4.0-182-generic-x86_64-with-glibc2.31,3.12.1,2.4.1,112,Intel(R) Xeon(R) Gold 6330 CPU @ 2.00GHz,2,2 x NVIDIA A40,-1.568,53.8226,503.33912658691406,machine,N,1.0
2024-05-28T12:49:03,codecarbon,bac2be5f-a82d-480b-97f5-a03d9838fe93,36.8160400390625,0.0014132963282265,3.838805930042984e-05,42.5,302.2709832273855,188.7521724700928,0.0004345665102203,0.0030496382730418,0.0019275098238735,0.0054117146071357,United Kingdom,GBR,england,,,Linux-5.4.0-182-generic-x86_64-with-glibc2.31,3.12.1,2.4.1,112,Intel(R) Xeon(R) Gold 6330 CPU @ 2.00GHz,2,2 x NVIDIA A40,-1.568,53.8226,503.33912658691406,machine,N,1.0
2024-05-28T13:42:59,codecarbon,353b04e1-6452-4610-ba2b-8e9f464ff66d,2.2730929851531982,6.350768631503014e-05,2.7938886235553604e-05,42.5,155.58230152905674,188.7521724700928,2.680917713377211e-05,9.783007826369428e-05,0.0001185407959706,0.000243180051368,United Kingdom,GBR,england,,,Linux-5.4.0-182-generic-x86_64-with-glibc2.31,3.12.1,2.4.1,112,Intel(R) Xeon(R) Gold 6330 CPU @ 2.00GHz,2,2 x NVIDIA A40,-1.568,53.8226,503.33912658691406,machine,N,1.0
2024-05-28T13:44:56,codecarbon,92594615-1bf5-42da-91aa-c57d2f14e957,3.0429129600524902,0.0001159891238786,3.811779219497453e-05,42.5,297.6288108899915,188.7521724700928,3.58913090493944e-05,0.0002498968665838,0.0001583508371318,0.0004441390127651,United Kingdom,GBR,england,,,Linux-5.4.0-182-generic-x86_64-with-glibc2.31,3.12.1,2.4.1,112,Intel(R) Xeon(R) Gold 6330 CPU @ 2.00GHz,2,2 x NVIDIA A40,-1.568,53.8226,503.33912658691406,machine,N,1.0
2024-05-29T13:17:41,codecarbon,5f469278-fbb3-4104-9cab-a803ba9fdf65,6.4543397426605225,0.0001796443904028,2.7833116564260813e-05,42.5,152.91490817035412,188.7521724700928,7.618212898572287e-05,0.0002738146634966,0.0003378873774658,0.0006878841699481,United Kingdom,GBR,england,,,Linux-5.4.0-182-generic-x86_64-with-glibc2.31,3.12.1,2.4.1,112,Intel(R) Xeon(R) Gold 6330 CPU @ 2.00GHz,2,2 x NVIDIA A40,-1.568,53.8226,503.33912658691406,machine,N,1.0
2024-05-29T13:21:27,codecarbon,405c984b-b40d-4a0e-84c8-1b22a68d4304,144.66531777381897,0.0056209070813364,3.885455870027258e-05,42.5,313.49288420878383,188.7521724700928,0.0017076441398925,0.0122409492371957,0.0075746670672318,0.0215232604443201,United Kingdom,GBR,england,,,Linux-5.4.0-182-generic-x86_64-with-glibc2.31,3.12.1,2.4.1,112,Intel(R) Xeon(R) Gold 6330 CPU @ 2.00GHz,2,2 x NVIDIA A40,-1.568,53.8226,503.33912658691406,machine,N,1.0
2024-05-29T13:27:23,codecarbon,842d3a14-9db1-42fc-a875-1f93dd064806,2.7324438095092773,7.609777173803397e-05,2.784971148288698e-05,42.5,154.3598442465313,188.7521724700928,3.22177646888627e-05,0.0001166564822145,0.000142515049637,0.0002913892965404,United Kingdom,GBR,england,,,Linux-5.4.0-182-generic-x86_64-with-glibc2.31,3.12.1,2.4.1,112,Intel(R) Xeon(R) Gold 6330 CPU @ 2.00GHz,2,2 x NVIDIA A40,-1.568,53.8226,503.33912658691406,machine,N,1.0
2024-05-29T13:34:02,codecarbon,5a2b2037-adbb-4332-96fb-87cdcebc9229,3.1143815517425537,0.0001195379491733,3.838256398176358e-05,42.5,301.3426827696158,188.7521724700928,3.67340925667021e-05,0.0002589988183103,0.0001619950635954,0.0004577279744725,United Kingdom,GBR,england,,,Linux-5.4.0-182-generic-x86_64-with-glibc2.31,3.12.1,2.4.1,112,Intel(R) Xeon(R) Gold 6330 CPU @ 2.00GHz,2,2 x NVIDIA A40,-1.568,53.8226,503.33912658691406,machine,N,1.0
2024-05-29T17:25:38,codecarbon,59518357-f3f3-4e14-8bdb-a11a329acb72,5.521729946136475,0.0001532683047796,2.775729821536525e-05,42.5,152.23819643861015,188.7521724700928,6.516980760627324e-05,0.0002329829641638,0.0002887335784036,0.0005868863501737,United Kingdom,GBR,england,,,Linux-5.4.0-182-generic-x86_64-with-glibc2.31,3.12.1,2.4.1,112,Intel(R) Xeon(R) Gold 6330 CPU @ 2.00GHz,2,2 x NVIDIA A40,-1.568,53.8226,503.33912658691406,machine,N,1.0
2024-05-31T15:14:43,codecarbon,c28e0219-7912-4765-b49b-0c2337f52810,2.1568973064422607,5.901885190346705e-05,2.736284742309634e-05,42.5,147.91903644340496,188.7521724700928,2.543213384019004e-05,8.820007055998502e-05,0.0001123594553553,0.0002259916597555,United Kingdom,GBR,england,,,Linux-5.4.0-182-generic-x86_64-with-glibc2.31,3.12.1,2.4.1,112,Intel(R) Xeon(R) Gold 6330 CPU @ 2.00GHz,2,2 x NVIDIA A40,-1.5524,53.7945,503.33912658691406,machine,N,1.0
2024-05-31T15:26:51,codecarbon,ac6117e9-e10a-4ee4-ae8f-6ee01ca5fbef,2.338918685913086,6.45199593014096e-05,2.7585379384927944e-05,42.5,150.90319330981396,188.7521724700928,2.757781114843157e-05,9.75892447376836e-05,0.0001218891341213,0.0002470561900075,United Kingdom,GBR,england,,,Linux-5.4.0-182-generic-x86_64-with-glibc2.31,3.12.1,2.4.1,112,Intel(R) Xeon(R) Gold 6330 CPU @ 2.00GHz,2,2 x NVIDIA A40,-1.5524,53.7945,503.33912658691406,machine,N,1.0
2024-05-31T15:29:14,codecarbon,5b7ed272-6ee8-437f-8e23-b643d89847d0,2.664593458175659,6.436807658417384e-05,2.415680950753519e-05,42.5,103.28605797005704,188.7521724700928,3.142562823163139e-05,7.609061642721571e-05,0.0001389583646121,0.000246474609271,United Kingdom,GBR,england,,,Linux-5.4.0-182-generic-x86_64-with-glibc2.31,3.12.1,2.4.1,112,Intel(R) Xeon(R) Gold 6330 CPU @ 2.00GHz,2,2 x NVIDIA A40,-1.5524,53.7945,503.33912658691406,machine,N,1.0
2024-05-31T15:29:29,codecarbon,b5ba1221-833b-4be7-9015-a778aba14311,1.5348923206329346,4.317049736419856e-05,2.8126075545414544e-05,42.5,159.52341544382165,188.7521724700928,1.80914118885994e-05,6.75044984479456e-05,7.971012387378437e-05,0.0001653060342103,United Kingdom,GBR,england,,,Linux-5.4.0-182-generic-x86_64-with-glibc2.31,3.12.1,2.4.1,112,Intel(R) Xeon(R) Gold 6330 CPU @ 2.00GHz,2,2 x NVIDIA A40,-1.5524,53.7945,503.33912658691406,machine,N,1.0
2024-06-07T21:13:13,codecarbon,7e2564ff-46f5-45d6-95db-1c2feaf0d014,5.721177577972412,0.0001591480368306,2.781735659516036e-05,42.5,152.95195364972227,188.7521724700928,6.751052422655954e-05,0.0002426257496566,0.0002992644147143,0.0006094006885975,United Kingdom,GBR,england,,,Linux-5.4.0-182-generic-x86_64-with-glibc2.31,3.12.1,2.4.1,112,Intel(R) Xeon(R) Gold 6330 CPU @ 2.00GHz,2,2 x NVIDIA A40,-1.5524,53.7945,503.33912658691406,machine,N,1.0
2024-06-08T00:02:48,codecarbon,6de38ad5-476c-4490-a099-8b0aeb2e3127,17.705087423324585,0.0004930246163937,2.7846494321412875e-05,42.5,151.31560309594104,188.7521724700928,0.0002089936691853,0.000751689212457,0.0009271791787957,0.0018878620604381,United Kingdom,GBR,england,,,Linux-5.4.0-182-generic-x86_64-with-glibc2.31,3.12.1,2.4.1,112,Intel(R) Xeon(R) Gold 6330 CPU @ 2.00GHz,2,2 x NVIDIA A40,-1.5524,53.7945,503.33912658691406,machine,N,1.0
2024-06-08T00:04:07,codecarbon,3a1cbdc1-c1e4-4dc2-869e-4f8e4814f97f,2.231729984283448,6.225456186088755e-05,2.7895203406910327e-05,42.5,155.277552940192,188.7521724700928,2.6313146120972103e-05,9.58067433174392e-05,0.000116261768431,0.0002383816578694,United Kingdom,GBR,england,,,Linux-5.4.0-182-generic-x86_64-with-glibc2.31,3.12.1,2.4.1,112,Intel(R) Xeon(R) Gold 6330 CPU @ 2.00GHz,2,2 x NVIDIA A40,-1.5524,53.7945,503.33912658691406,machine,N,1.0
2024-06-08T14:39:54,codecarbon,0986ce7a-7fb2-46ca-957f-c529c8ac1b26,17.768045902252197,0.000495534367515,2.788907515441957e-05,42.5,156.51847425485963,188.7521724700928,0.0002097365996903,0.0007571903279739,0.0009305453302479,0.0018974722579123,United Kingdom,GBR,england,,,Linux-5.4.0-182-generic-x86_64-with-glibc2.31,3.12.1,2.4.1,112,Intel(R) Xeon(R) Gold 6330 CPU @ 2.00GHz,2,2 x NVIDIA A40,-1.5524,53.7945,503.33912658691406,machine,N,1.0
2024-06-08T14:51:47,codecarbon,0e2348d3-ee37-48d4-b9d1-3126f33771c5,11.626570463180542,0.0003246540035412,2.7923453830983204e-05,42.5,153.99845359002887,188.7521724700928,0.0001372505295607,0.0004969017864127,0.000608994487807,0.0012431468037804,United Kingdom,GBR,england,,,Linux-5.4.0-182-generic-x86_64-with-glibc2.31,3.12.1,2.4.1,112,Intel(R) Xeon(R) Gold 6330 CPU @ 2.00GHz,2,2 x NVIDIA A40,-1.5524,53.7945,503.33912658691406,machine,N,1.0
2024-06-09T02:09:39,codecarbon,a3d6d1f6-47bb-4244-a649-9cf46108e8b1,2.626649856567383,6.301660217622598e-05,2.399124573786121e-05,42.5,101.26587431418292,188.7521724700928,3.0985220604472694e-05,7.34708921115157e-05,0.000136843506959,0.000241299619675,United Kingdom,GBR,england,,,Linux-5.4.0-182-generic-x86_64-with-glibc2.31,3.12.1,2.4.1,112,Intel(R) Xeon(R) Gold 6330 CPU @ 2.00GHz,2,2 x NVIDIA A40,-1.5524,53.7945,503.33912658691406,machine,N,1.0
2024-06-09T02:22:37,codecarbon,438abef7-20be-4f78-ade9-a1244f00d19e,2.5214555263519287,6.080202261617831e-05,2.411385883301594e-05,42.5,102.820838343132,188.7521724700928,2.9738755193021564e-05,7.166894622656628e-05,0.0001314119750797,0.0002328196764993,United Kingdom,GBR,england,,,Linux-5.4.0-182-generic-x86_64-with-glibc2.31,3.12.1,2.4.1,112,Intel(R) Xeon(R) Gold 6330 CPU @ 2.00GHz,2,2 x NVIDIA A40,-1.5524,53.7945,503.33912658691406,machine,N,1.0
2024-06-09T02:27:28,codecarbon,d499a2ab-4ca4-4a63-94e6-5a20cecb8d0f,3.3893017768859863,9.315695814291316e-05,2.748558973951964e-05,42.5,149.2041749578818,188.7521724700928,3.9988370239734654e-05,0.0001398695563352,0.0001768534446141,0.0003567113711891,United Kingdom,GBR,england,,,Linux-5.4.0-182-generic-x86_64-with-glibc2.31,3.12.1,2.4.1,112,Intel(R) Xeon(R) Gold 6330 CPU @ 2.00GHz,2,2 x NVIDIA A40,-1.5524,53.7945,503.33912658691406,machine,N,1.0
2024-06-09T02:29:55,codecarbon,dda5729a-a5a4-4e74-a3c1-7da3d9ae9bee,1.843787431716919,5.115931596887538e-05,2.77468622948776e-05,42.5,153.54158175788646,188.7521724700928,2.1729933387703365e-05,7.816784031433599e-05,9.599859423606404e-05,0.0001958963679381,United Kingdom,GBR,england,,,Linux-5.4.0-182-generic-x86_64-with-glibc2.31,3.12.1,2.4.1,112,Intel(R) Xeon(R) Gold 6330 CPU @ 2.00GHz,2,2 x NVIDIA A40,-1.5524,53.7945,503.33912658691406,machine,N,1.0
2024-06-09T13:37:16,codecarbon,edbcf3b5-5f1c-4549-9d15-2422f37ca0cd,3.712205648422241,0.0001029839078012,2.7741972712368407e-05,42.5,152.3983515648166,188.7521724700928,4.379212094677819e-05,0.000156689292023,0.0001938587597292,0.000394340172699,United Kingdom,GBR,england,,,Linux-5.4.0-182-generic-x86_64-with-glibc2.31,3.12.1,2.4.1,112,Intel(R) Xeon(R) Gold 6330 CPU @ 2.00GHz,2,2 x NVIDIA A40,-1.5524,53.7945,503.33912658691406,machine,N,1.0
2024-06-09T13:50:11,codecarbon,ca0401f9-67a5-4afe-9f52-3a529dbe07ed,737.5935695171356,0.0206226358730441,2.795934878681861e-05,42.5,155.2174618737885,188.7521724700928,0.0087069077134132,0.0316391055890363,0.0386210211140621,0.0789670344165118,United Kingdom,GBR,england,,,Linux-5.4.0-182-generic-x86_64-with-glibc2.31,3.12.1,2.4.1,112,Intel(R) Xeon(R) Gold 6330 CPU @ 2.00GHz,2,2 x NVIDIA A40,-1.5524,53.7945,503.33912658691406,machine,N,1.0
2024-06-09T14:04:00,codecarbon,0c411ae7-2df9-48ba-b2f6-1661511b1f1c,24.895139694213867,0.000690842153488,2.775008142045633e-05,42.5,151.84525251633195,188.7521724700928,0.0002938241369194,0.0010480141717472,0.0013034955102839,0.0026453338189506,United Kingdom,GBR,england,,,Linux-5.4.0-182-generic-x86_64-with-glibc2.31,3.12.1,2.4.1,112,Intel(R) Xeon(R) Gold 6330 CPU @ 2.00GHz,2,2 x NVIDIA A40,-1.5524,53.7945,503.33912658691406,machine,N,1.0
2024-06-09T14:12:20,codecarbon,849b0a03-8b84-4306-99c5-0169788b1ea9,287.1841690540314,0.0080134877670097,2.790365427664654e-05,42.5,154.097090263594,188.7521724700928,0.0033900726386242,0.0122524106352521,0.0150423122192587,0.0306847954931351,United Kingdom,GBR,england,,,Linux-5.4.0-182-generic-x86_64-with-glibc2.31,3.12.1,2.4.1,112,Intel(R) Xeon(R) Gold 6330 CPU @ 2.00GHz,2,2 x NVIDIA A40,-1.5524,53.7945,503.33912658691406,machine,N,1.0
2024-06-09T14:25:53,codecarbon,f25b9c75-7cbf-4761-8092-fc7386ccc030,4.568378925323486,0.0001268696964915,2.777127260357485e-05,42.5,152.99581084801582,188.7521724700928,5.3899865680270727e-05,0.0001934515436516,0.0002384508785491,0.000485802287881,United Kingdom,GBR,england,,,Linux-5.4.0-182-generic-x86_64-with-glibc2.31,3.12.1,2.4.1,112,Intel(R) Xeon(R) Gold 6330 CPU @ 2.00GHz,2,2 x NVIDIA A40,-1.5524,53.7945,503.33912658691406,machine,N,1.0
2024-06-09T14:31:48,codecarbon,fa5936a5-0e18-43ca-a11f-f5c4a31ca1b1,36.1247980594635,0.0014915851491853,4.128978511464842e-05,42.5,196.6105758471361,188.7521724700928,0.0004263991637362,0.0033941691042223,0.0018909254778449,0.0057114937458035,United Kingdom,GBR,england,,,Linux-5.4.0-182-generic-x86_64-with-glibc2.31,3.12.1,2.4.1,112,Intel(R) Xeon(R) Gold 6330 CPU @ 2.00GHz,2,2 x NVIDIA A40,-1.5524,53.7945,503.33912658691406,machine,N,1.0
2024-06-09T20:42:33,codecarbon,f09a6043-82fd-4102-af1c-64f828a7f339,11.087930917739868,0.0003082000930634,2.779599686812313e-05,42.5,152.46446843357725,188.7521724700928,0.0001308710912863,0.0004689356529254,0.0005803356733695,0.0011801424175813,United Kingdom,GBR,england,,,Linux-5.4.0-182-generic-x86_64-with-glibc2.31,3.12.1,2.4.1,112,Intel(R) Xeon(R) Gold 6330 CPU @ 2.00GHz,2,2 x NVIDIA A40,-1.5524,53.7945,503.33912658691406,machine,N,1.0
2024-06-09T20:44:37,codecarbon,12ffa7cf-4668-494e-b521-4f2b130d683f,39.70880150794983,0.0016289852800547,4.102327993275272e-05,42.5,277.89063061832843,188.7521724700928,0.0004687038418319,0.0036893537848179,0.0020795609525645,0.0062376185792144,United Kingdom,GBR,england,,,Linux-5.4.0-182-generic-x86_64-with-glibc2.31,3.12.1,2.4.1,112,Intel(R) Xeon(R) Gold 6330 CPU @ 2.00GHz,2,2 x NVIDIA A40,-1.5524,53.7945,503.33912658691406,machine,N,1.0
2024-06-09T21:03:50,codecarbon,0cf8851f-e1f9-4535-9a31-aba5bc4927c6,6.385533332824707,1.6265676703240753e-06,2.547269876366844e-07,42.5,155.09748540462448,188.7521724700928,7.536988738510344e-05,0.0002746796641943,0.0003341818607445,0.000684231412324,Canada,CAN,quebec,,,Linux-5.4.0-182-generic-x86_64-with-glibc2.31,3.12.1,2.4.1,112,Intel(R) Xeon(R) Gold 6330 CPU @ 2.00GHz,2,2 x NVIDIA A40,-71.2,46.8,503.33912658691406,machine,N,1.0
2024-06-09T21:06:30,codecarbon,e92c035f-fd4d-46cd-a53c-ec81c28b97cb,27.921563625335693,0.0010641703931943,3.811285096615326e-05,42.5,295.94446836776746,188.7521724700928,0.0003295946462286,0.0022831423820655,0.0014621242349187,0.0040748612632129,United Kingdom,GBR,england,,,Linux-5.4.0-182-generic-x86_64-with-glibc2.31,3.12.1,2.4.1,112,Intel(R) Xeon(R) Gold 6330 CPU @ 2.00GHz,2,2 x NVIDIA A40,-1.5524,53.7945,503.33912658691406,machine,N,1.0
2024-06-09T21:09:10,codecarbon,43756810-4ff2-4811-8256-8e496a5f0487,32.12453246116638,0.0012357347930978,3.8467012542256726e-05,42.5,287.03296691362954,188.7521724700928,0.0003791945387919,0.0026707676921695,0.0016818437581936,0.0047318059891551,United Kingdom,GBR,england,,,Linux-5.4.0-182-generic-x86_64-with-glibc2.31,3.12.1,2.4.1,112,Intel(R) Xeon(R) Gold 6330 CPU @ 2.00GHz,2,2 x NVIDIA A40,-1.5524,53.7945,503.33912658691406,machine,N,1.0
2024-06-09T21:49:35,codecarbon,537465b3-fa2b-45a5-abcb-0cb0929e15d2,32.94316530227661,0.0012603102055751,3.8257107172639554e-05,42.5,295.901058347813,188.7521724700928,0.000388816329009,0.002712643281221,0.0017244491626258,0.0048259087728558,United Kingdom,GBR,england,,,Linux-5.4.0-182-generic-x86_64-with-glibc2.31,3.12.1,2.4.1,112,Intel(R) Xeon(R) Gold 6330 CPU @ 2.00GHz,2,2 x NVIDIA A40,-1.5524,53.7945,503.33912658691406,machine,N,1.0
2024-06-09T21:52:43,codecarbon,b8eddcb3-7278-478e-9bc3-b7386d5b0c1f,28.994385480880737,1.0179811490792449e-05,3.510959560603601e-07,42.5,305.1787253681689,188.7521724700928,0.0003422500669956,0.002421295825929,0.0015186902049745,0.0042822360978992,Canada,CAN,quebec,,,Linux-5.4.0-182-generic-x86_64-with-glibc2.31,3.12.1,2.4.1,112,Intel(R) Xeon(R) Gold 6330 CPU @ 2.00GHz,2,2 x NVIDIA A40,-71.2,46.8,503.33912658691406,machine,N,1.0
2024-06-09T21:58:28,codecarbon,e25fc54e-ba2d-4a1e-b134-bd5aca134a19,23.442251443862915,0.0008945886961916,3.816138131330712e-05,42.5,293.6597902745001,188.7521724700928,0.0002767194588979,0.001921597092835,0.0012271920396847,0.0034255085914176,United Kingdom,GBR,england,,,Linux-5.4.0-182-generic-x86_64-with-glibc2.31,3.12.1,2.4.1,112,Intel(R) Xeon(R) Gold 6330 CPU @ 2.00GHz,2,2 x NVIDIA A40,-1.5524,53.7945,503.33912658691406,machine,N,1.0
2024-06-09T22:02:12,codecarbon,4e70b318-8b41-4fb3-85ff-b1953e6a914b,28.641915798187256,0.0010989496296819122,3.8368579721593365e-05,42.5,303.5715183659762,188.75217247009277,0.00033809713472922646,0.0023698135625238592,0.001500125257187427,0.004208035954440513,United Kingdom,GBR,england,,,Linux-5.4.0-182-generic-x86_64-with-glibc2.31,3.12.1,2.4.1,112,Intel(R) Xeon(R) Gold 6330 CPU @ 2.00GHz,2,2 x NVIDIA A40,-1.5524,53.7945,503.33912658691406,machine,N,1.0
